2022-04-23 13:10:48+00:00,369179
2022-04-23 07:48:25+00:00,368683
2022-04-23 06:15:16+00:00,369096
2022-04-22 16:23:14+00:00,369070
2022-04-22 13:41:12+00:00,369058
2022-04-22 09:20:19+00:00,368992
2022-04-21 14:18:01+00:00,368919
2022-04-21 13:32:38+00:00,368861
2022-04-21 10:33:27+00:00,368805
2022-04-21 08:17:25+00:00,368082
2022-04-20 11:47:08+00:00,368705
2022-04-20 11:32:17+00:00,368723
2022-04-20 10:49:09+00:00,368677
2022-04-19 15:50:49+00:00,368596
2022-04-17 07:00:00+00:00,368265
2022-04-15 09:02:23+00:00,368406
2022-04-14 16:30:48+00:00,368417
2022-04-14 13:03:41+00:00,368422
2022-04-14 12:35:55+00:00,368391
2022-04-14 08:47:13+00:00,368359
2022-04-13 12:24:00+00:00,368272
2022-04-12 16:13:45+00:00,367909
2022-04-12 15:02:35+00:00,368123
2022-04-12 15:00:06+00:00,367537
2022-04-11 15:04:37+00:00,368003
